id	occurrences	char	shape_id
g0	11662	理	589441ea47bba26e
g1	10098	出	124cee73c89b2528
g2	9868	実	dfd65c46313f464d
g3	8982	監	685dc57f9fb9e52b
g4	8916	面	53b5cf98cecdfab7
g5	8872	督	48b6be80e3372648
g6	8132	画	c0a03d0b8f50956e
g7	7904	充	a583e86a8e2281ad
g8	7882	処	60dc27038acfaf65
g9	6870	植	e839ec4300450147
g10	6798	何	8c019bde8062ad05
g11	6784	当	801181df265f9f74
g12	6246	現	af94211e3c73c617
g13	5652	成	3d34322f3ab24df5
g14	5570	思	6e38aa9cfe574d44
g15	5278	制	7344f7078bc63ee3
g16	5172	新	4e7189c64f53e89f
g17	5002	速	5830cbf33d80387f
g18	4874	振	c1b0bdceadbe7efc
g19	4616	私	16f9a22af4f33cb1
g20	4598	色	af9fae5110040aab
g21	4522	分	08f6bee7299e8a32
g22	4366	司	5b7ef6585bd061c5
g23	4262	武	71ddf0b6955ebcfa
g24	4244	洋	291b7043999ad177
g25	4242	川	bbd2e26751d5ba18
g26	4030	高	8d49c9f7618e7cbb
g27	3856	最	76e2fb5d70b7fa00
g28	3764	関	4c83a3cab4bde6b6
g29	3610	言	edc9ab8d03c68f5b
g30	3456	違	726daf7de48e9297
g31	3280	数	6ce4c1d9f9d5925f
g32	3242	顔	898dad1f2f520f33
g33	3208	多	a98a3ee23c994d97
g34	3024	限	a465ac22ff0755d5
g35	3022	果	b1b6e01e3ba68d35
g36	3012	本	2294068c605b6d10
g37	3002	効	4a5a175703c88789
g38	2982	切	49fc009e1595f13c
g39	2894	際	1a8a41c80b313190
g40	2794	立	88e3baf13bdb11f2
g41	2758	込	ae2319afd7373cb3
g42	2756	山	717379d336efd78a
g43	2728	代	8c03a5834f9af3a9
g44	2710	角	f4545fcec59f1a51
g45	2710	部	df262fc66c4fc818
g46	2692	通	af7be6e5cad6f56b
g47	2688	替	b19d8bfa526c7ecd
g48	2646	以	e317d6f690756bc6
g49	2632	量	e626b85228fc9986
g50	2606	算	e703de0af828f69d
g51	2604	誠	377b63ed5d3508d7
g52	2572	是	c15cbd49536852e0
g53	2468	二	42cce1e987979c70
g54	2458	計	8010db08abe93751
g55	2456	今	f5576456cc671858
g56	2420	結	637f7d3f47ebb449
g57	2336	村	aa0b969890205b35
g58	2332	良	42fb4ecf9a1853cb
g59	2320	縮	8365d8ae68018d18
g60	2314	役	50953813d798d319
g61	2306	水	67669a78e5758a00
g62	2258	報	dc85b7e21035f10e
g63	2230	適	b41e5a8893e06448
g64	2228	追	ed8b642a3d4d00bb
g65	2178	社	ac127dc0f4f3e8bd
g66	2162	楽	f08fe6583d24cf42
g67	2140	張	2994d66a7dd224bb
g68	2080	細	45ab5bbceb2586ed
g69	2080	描	a9636990a68fc63f
g70	2080	園	bcf69411d484a777
g71	2064	覚	49c4f26dda37d8c4
g72	2022	慮	cbe1d0e1c29a75b1
g73	2008	極	7cc791260b291a9e
g74	1934	来	729a78bc376ec897
g75	1888	常	b89c79e4fc7b97b8
g76	1880	名	8db545f52fc8904a
g77	1870	苦	d65bd6c008fa62ef
g78	1826	話	efcfe7fa4b393b8f
g79	1808	岡	0d3d634b84528d93
g80	1790	番	1502ecbf71b2c479
g81	1776	観	c528609326a56bb8
g82	1720	労	490d4b874d33429d
g83	1712	田	4a3e100897e72158
g84	1664	由	33086633353cb29a
g85	1660	短	53fff9bb91426c50
g86	1656	肩	996f443be87e8f93
g87	1652	加	84d12eab0b094781
g88	1648	任	ed306a3bbac653de
g89	1642	軽	175ae0b7c5218c55
g90	1634	波	9ce5dc98ca8906a8
g91	1622	他	a99ecca5bd2efeaf
g92	1620	平	4b3476a25b4eed99
g93	1612	豊	1a0232bea23f26fa
g94	1596	験	9c462a545d9981b6
g95	1548	素	07327cea4793c9ba
g96	1532	元	1e4ab6c5c10ba355
g97	1508	嶋	39231b8061c86ccc
g98	1508	滋	a71df824fcd594dc
g99	1498	為	cf5a273cc1503284
g100	1468	某	2d17be26141f95e3
g101	1468	読	2df6951b8e3b726b
g102	1466	想	508c9cb6a69e6afa
g103	1444	逃	0a64aad3d8c38713
g104	1440	聡	b36a58709154b5fa
g105	1438	引	9a98823042e48450
g106	1426	個	ba467e01b4eaee3e
g107	1420	版	8e62d19a9cddb6a8
g108	1420	国	914d2d3c8968f656
g109	1410	誰	a38bc0684912c212
g110	1386	海	e3ae5a7735d5b799
g111	1386	記	ef199a5fab234706
g112	1382	如	8cb0784847fc92e3
g113	1380	種	af6f6ba669897ef9
g114	1374	会	23883544a6c6c328
g115	1372	小	d621b75eed1d060e
g116	1370	図	922c4e7168a523e5
g117	1364	哉	8f9f729327dc9450
g118	1340	目	ce176168f268866b
g119	1312	衣	91eecccb8045cc97
g120	1290	仕	440bd6f611d47741
g121	1290	始	4e9cfa1cbccf55a0
g122	1260	心	c7698edee59eaf67
g123	1230	世	f04afa9b0b1d2952
g124	1222	重	c5f6e11dab55734d
g125	1218	足	0aa29e33a723ca24
g126	1206	考	c1e9b87f92953eb5
g127	1186	念	84ffe6d45a629fc2
g128	1186	首	3feddf10be411fe4
g129	1144	呼	f55834737d093ac4
g130	1144	下	fbcb47ef8e18970b
g131	1134	響	0556f035ac169e5a
g132	1130	闘	e9715a7a05d4a3d0
g133	1118	伝	9f5c0a2bd6543240
g134	1106	程	706695002a8f22ab
g135	1100	情	643c4a454bc7ac63
g136	1092	究	a44dd008c59cfe6a
g137	1092	研	b26775b652b6ed7f
g138	1086	遊	f49645d1d456a79f
g139	1086	説	9806703f6cebcab9
g140	1084	君	5c0617fed3725dd9
g141	1084	聞	edcc6df6d52e3e70
g142	1060	口	31e5e86379cb6029
g143	1060	主	cf34809c71e61471
g144	1040	態	fd986f2302a393aa
g145	1040	許	612e72e4155944d0
g146	1018	士	1672e04381950748
g147	1016	再	693bd26293b6e1c2
g148	980	正	2af2cfc041fea58c
g149	966	反	22f23e0e0fe308fe
g150	944	信	c057a0ae944cbd2a
g151	944	英	f23ea7a437128e0e
g152	942	担	45a9b99928ae7548
g153	938	壁	35309693455c185e
g154	934	和	eb24532a7257f0d5
g155	928	節	6341b4b999003c81
g156	906	廃	72995e651944dadc
g157	906	忍	5e6a637cb751c130
g158	896	語	8d569de6b39a5709
g159	892	鳴	7ed067bf753edeb1
g160	874	残	9d07e62c48c2f224
g161	856	随	b99fd17b205eff7b
g162	846	掛	8b3671b3686fa32f
g163	828	配	d2094c5a870cd429
g164	798	僕	90658c21be11c32b
g165	796	予	0454ed3ddde2d987
g166	796	法	5f434234740dd83d
g167	792	右	f6ebe3499e2529f1
g168	784	況	2e4f236cdf1619c0
g169	776	給	147c21aa9dddd13d
g170	776	乗	bab3e17b3307e87a
g171	774	背	b4e677982329c931
g172	764	密	db99c7a1be2a18bb
g173	760	供	a19e6cdc0a5a1d43
g174	756	犬	5ffc11cbdfb75ad9
g175	756	圧	8e0af381854fb8c7
g176	752	頂	bb8df549acf639ff
g177	742	左	05c15273762aa6a2
g178	740	相	42336ae1624384fb
g179	740	強	1378c65531e4d972
g180	732	集	522d51cc038ea211
g181	728	普	0d918a830dab3b85
g182	718	危	dfa232aace922b9a
g183	718	壊	898280f8ba369a54
g184	714	取	a82980eb4ab3f05d
g185	704	殺	4184425d425ee405
g186	704	景	c9304033f9a6493f
g187	692	雄	6ca249a6d1a3aa70
g188	692	握	978be883c21b576b
g189	690	棄	ea680d55ca2806c7
g190	688	悔	7910fd06bbd33326
g191	684	依	a766568204313e7c
g192	684	諜	32f416fb70d4d813
g193	682	攻	1775fc9a63097257
g194	676	胆	71e7bae4450d8f64
g195	674	様	dd05e1fd584ca230
g196	674	日	afd1c03936382d7b
g197	672	盾	7a4aa19779d047c5
g198	672	沢	c080a472ec4fcee2
g199	672	死	d9f600dddd6b776f
g200	664	肘	51988a0c600c0ea3
g201	656	娘	1c805534c0366b57
g202	656	局	f1aff5fc7713831f
g203	654	等	d8d6f64174781be1
g204	652	先	0e61f5eccf2a0cb2
g205	652	清	48b4b4474a21f3b0
g206	634	憶	361e7329ab350601
g207	632	矛	3c64e4874888c979
g208	632	断	1c8cc2144b0f16f1
g209	624	築	ac62ff35b6087c2d
g210	624	緻	09360eb731a33cbf
g211	620	判	9edb7d7b106f6b96
g212	612	年	60ec8be96b5e130e
g213	610	組	06746e72618b287e
g214	600	基	919c17bb60827dbc
g215	596	険	136da0d9a95069f2
g216	586	編	8a55924b0d90308d
g217	586	崇	e7266456dbf13412
g218	578	西	46881dc41843589d
g219	576	筋	f3f0d5d13439bd57
g220	574	式	bc68533983ded17a
g221	572	単	011c224736e3ff76
g222	570	比	3f3b5b39c504e8ca
g223	568	枢	3b1a9e217fe01f2b
g224	568	質	6b109660b8c08206
g225	562	問	709f335c1b27e861
g226	560	頼	b6713b5bfcccaa0d
g227	552	凝	e6ef93360e48e5f6
g228	546	緒	5cab288498edea1a
g229	536	佐	925e4a704dd5c414
g230	536	資	e5682ae2e904d7ee
g231	534	稼	2c53e0e39e3a6a5b
g232	532	焦	ee851abeaf51b9ea
g233	524	芳	9a38ec0ae3b1565a
g234	516	決	270f0a242eea68bc
g235	504	経	9059b3f7142a84ab
g236	500	進	aaa815d3c7acbf57
g237	498	着	3f593f126eb062b1
g238	496	兼	2c9ea1bb748a420c
g239	496	莢	f2477927857772b2
g240	486	聴	9060ac2c5e580fdf
g241	484	内	dc0f64942c4c9a35
g242	484	各	5e403901286c58cb
g243	476	甲	0a947ae1067d04eb
g244	474	削	f29417f23aa6f76e
g245	474	勝	fc8ae960febd7ddc
g246	470	俺	2bee63775f15fe64
g247	470	羽	ee5ff4aaa4163db1
g248	464	樹	69628c22deffbf12
g249	464	同	370698107cee469e
g250	462	落	4fa1df9ab685623d
g251	458	次	b2d43965ae34a61d
g252	456	得	81fbe6c8be3f75b2
g253	456	斐	78aad92e6fd96dcc
g254	452	車	d3552f7a66572505
g255	448	澄	fd0f94eea1df3dba
g256	444	差	cd067686e4e96270
g257	442	火	113f45cb7c7d7454
g258	442	利	12370f449583bc4d
g259	440	奴	9021343388d7483e
g260	436	難	d29d91181a85fee0
g261	428	両	cb5446b181d61be5
g262	426	然	8f2a3caadc87427b
g263	424	助	ac5c89edc040a7a3
g264	422	敏	a89010feb60762ec
g265	418	五	bf418893b8b573f8
g266	408	望	b3502b6f00b19f6d
g267	404	飛	7d64e6154cc6a309
g268	402	受	540b433f6dadf49d
g269	400	直	bcc2797ce4ca5903
g270	398	階	2318d6c48bc4c305
g271	392	径	bb24b6b999fe15dd
g272	392	転	e7d868b7b1eb0fed
g273	390	市	9bc05c5fb4acea43
g274	390	男	2ab25ec156e2cf49
g275	382	倒	30c787d3fbc71e20
g276	382	技	80203f66a348425c
g277	380	臨	dc9d3162d156ee86
g278	378	察	22b41ef7a77bc8ba
g279	376	些	a7c651dc4d0fa6cd
g280	374	裏	703fc9c8e18c970f
g281	372	採	23e88c5c6e450441
g282	370	終	f52d545468af1773
g283	368	修	97cea021dc4d60fc
g284	362	達	7f5390bccd03b0b3
g285	362	返	868c54078b444eca
g286	360	俯	e454c6719ce1b100
g287	360	選	a2694b33a5c3c42f
g288	358	傷	30b353e4f5829acb
g289	358	排	ad0e86ac21fcaa84
g290	356	走	8d6c0a5c6485afda
g291	356	層	49c38dbf3cf5468f
g292	352	瞰	c6c25e49672e4234
g293	350	白	cb865f6ffcf5a688
g294	342	放	25e06abf6aecff9d
g295	342	第	753f84e3a56ee5de
g296	340	繰	5801ddb203865c70
g297	338	換	db99afc952a75b06
g298	332	悪	af86298cf4bb39f6
g299	332	類	a9b8c183ed24fda6
g300	328	側	9b8d52a90d88f831
g301	328	独	d8a43dcf4df727cf
g302	328	野	b1a85288269ee00d
g303	324	木	217c9f7b537e27f0
g304	324	低	00e0091fac39d797
g305	310	氏	10058a06716e5398
g306	308	凄	10001a821f90a9a8
g307	304	択	5a7ce044d1fdc4bb
g308	298	術	0174162525c9dd05
g309	292	命	13f19eb39d3b2b2f
g310	290	脱	80e7003993eb19e1
g311	288	万	5f3020a85b3b7046
g312	284	恐	e0c4d8c7c9ae36d1
g313	280	早	4aabd09e01e74785
g314	276	官	1b855452eb96e522
g315	274	負	1f78751cfd475112
g316	268	絞	fd1a29bd47cfa4ba
g317	266	怨	abcd864d8835ea38
g318	264	務	4a1dfbf3f23b429b
g319	262	型	be9d7f13b55440c7
g320	256	末	01dc52940861dae5
g321	256	格	9d6263e82b84a185
g322	252	毛	e8ed113c4eb3913f
g323	248	浩	0dee2db5c768b3fe
g324	244	避	ebe29cf99524c8d5
g325	242	道	64338caaa985eeb0
g326	240	都	bed1bf1afbdba90f
g327	238	屋	365173426404c440
g328	236	姿	02e221333098c2c6
g329	230	潜	40f4b3ab7526e4c8
g330	230	門	3d4446a4c342a510
g331	228	録	2cc7f063c75836a4
g332	228	弱	7d4ab534870588c5
g333	224	◯	ae4b569283eae6bf
g334	220	御	9e20c68821111e53
g335	220	炉	70150c4d8724dc06
g336	220	陰	dff5ce567308e5a2
g337	216	民	035fa301c15d8ea7
g338	216	詰	d1d96d9721a2b19a
g339	214	点	bfe56eb7488e2037
g340	212	品	4b84bda68db6dbea
g341	210	北	c79ee75c9e8ff57e
g342	210	題	be98b398a030a39c
g343	210	販	2695384ba1451752
g344	210	整	7b212a63034f32ab
g345	208	文	b670d676cebb516f
g346	208	伺	affea7eaf6f7698b
g347	208	家	e41f3276c0adc6d3
g348	206	在	4400fe239e44291e
g349	206	消	4621ca788967705f
g350	202	歩	cd7b5416b4001701
g351	202	悩	af0fbe534c0a6600
g352	202	房	a0002fdc1a38c23f
g353	200	好	d46fb6dae5df26a8
g354	200	遜	acd34f66f956c999
g355	198	戻	aaa969a236d35dd0
g356	198	瞬	0c22a576d3b2b962
g357	196	博	bbc5b09206ba355e
g358	196	渡	982eaeee85b25758
g359	194	活	d3062cb143fbeda7
g360	194	系	3aa7778889b4a57f
g361	188	略	d5f3ac82c97d0974
g362	188	護	9570f58fedca133b
g363	186	練	bc05a46ba95da603
g364	180	教	61f96c2228d8911d
g365	178	訓	271e8e0bba5ce717
g366	176	抽	47ef9d832bfa6e52
g367	176	勇	aea1a50126b1b5da
g368	176	路	e50b9652ac4ee225
g369	172	政	9704cbc510d23428
g370	170	室	69c997ba95385787
g371	170	端	a11beabbde6f234a
g372	168	絡	d23b278864e91b55
g373	166	根	aabf50d0f99e1ae9
g374	166	粗	b49464b46745bc3f
g375	164	隊	2dcb2f9b34fc10cb
g376	162	令	4738c867d43b3fc7
g377	162	美	5f1e58776184944c
g378	162	岸	34f0e941715c10cb
g379	160	天	b6f0abd686259c7c
g380	158	待	b3dfc92d862ff135
g381	158	業	45b08fd5785834e6
g382	158	運	b958c8c48cd55da0
g383	156	被	cb0fd624fd67df33
g384	154	吹	68c2051a84579ab8
g385	154	眠	e9e1fc52e20ddb17
g386	152	優	7863edf02f963de6
g387	152	燃	740d420b52b4e0a2
g388	152	幕	0b77c6fff8feecd9
g389	152	酷	3ab6ad0089f2d41f
g390	150	惨	1b49a6908e21274d
g391	150	標	981bb9a7fe9a5933
g392	150	島	e313739517b33825
g393	150	賢	fe9ed7e4c05b943f
g394	150	声	60c9053deac63b30
g395	148	乱	022c95837e755e93
g396	144	途	70b5ecf3a3bccb93
g397	144	易	9a6882a330eec3c0
g398	142	与	bdc115581a235b53
g399	142	狭	768a06e4d1daad2b
g400	142	詳	d2463b8f69ba4b75
g401	142	試	2833c722d72b27db
g402	140	収	b52a23c22084a9ee
g403	140	花	c6ea49fdd810f6bd
g404	140	松	de6a8da378066f9d
g405	138	古	8e0966a314750e86
g406	138	忘	1c018a012eb8a4e4
g407	138	容	b031f36280c084af
g408	138	検	c0324482abf02a6e
g409	138	流	5aa9143771d5f1bf
g410	136	廊	d9e5c35b3f57061f
g411	134	打	6da2baf8e8fe1e19
g412	134	簡	3a15e1431fe07a56
g413	134	故	42f327838e4bdbc1
g414	132	土	8999fc3a8bdbe943
g415	132	我	bf21c37496f23f34
g416	132	障	bab48369c0faf489
g417	128	省	d25d99ef9066248c
g418	128	造	04851eee2ec3609b
g419	128	悲	6248d4d17f252e21
g420	128	葉	286234f9435e7093
g421	126	環	e3e1b7ea1b40abb3
g422	124	床	b224ed07dea6ffa1
g423	124	肉	421c2951b1acc6cb
g424	124	欲	21e2660cab595692
g425	124	扱	918e03fa8a5f8e10
g426	122	血	586bb5c147a0535d
g427	122	済	a9b10ccfc2d4c903
g428	122	降	c5d719da46fac178
g429	120	広	4d52d4bde89a6646
g430	120	遠	103b5887ae48f878
g431	118	交	57202b8cf5b4324c
g432	118	三	1421fa34aa0dc99c
g433	116	久	d967b928e92a703a
g434	116	便	9037aee0eceb750f
g435	116	般	c3f0ad7b52bc1a73
g436	116	具	f21e0141ff624d1c
g437	116	真	153576487a63393b
g438	114	慎	cc581a4192e4ddf6
g439	114	員	72c006406be32dc2
g440	114	域	148cc9d7945c0bdc
g441	114	鍵	a56ea08a0c931edc
g442	112	傍	b6e23b6690303735
g443	112	例	71e3c20cb0526c06
g444	112	怖	47972e4b5b47f57a
g445	112	送	6c9b94a98a99f28f
g446	112	討	4bd063a1865f6bfe
g447	110	領	7d341f6463f75834
g448	108	典	676514a5852a9762
g449	108	認	f2c6111a797c8ec5
g450	106	嗅	7a055b2dd0e4ab1f
g451	106	参	1171c3b59d3d2d24
g452	106	仮	d03684465b3dacc1
g453	106	距	6f754b96768df65d
g454	104	亡	9aaac96fdfa328e3
g455	104	捕	12c3f300f6c5eca4
g456	102	従	c7617bfb1422a67f
g457	102	座	862133c1cde4f364
g458	102	搬	b4d4f134f48bfe75
g459	102	協	4d20a72d1aaa04a0
g460	100	善	1e90e1abb7e3dd9d
g461	100	捜	1d1700f9e4b1cee6
g462	100	章	300345584ed6e86a
g463	100	退	293320c52f98da64
g464	100	羅	6f392d3cfed3ba94
g465	98	査	460dcd3252947e01
g466	98	息	f696cd75192ec008
g467	98	抗	1478feb328dd8164
g468	98	遺	8e183cd032db2465
g469	98	漏	05b07cd1de778b5f
g470	98	疑	cc98169b943ad73e
g471	96	鈍	e58777adbe4f019c
g472	96	管	a31ba4265c74c9ba
g473	96	互	29d5849bb02909cc
g474	96	腹	c76f33b9560191a7
g475	96	窩	7719c385485c17ff
g476	94	族	5c31e618ea604b89
g477	94	遂	67ccf01632f6a971
g478	94	満	83e1aa227b4ab4d4
g479	94	駄	533cb801f0a3e5ca
g480	92	住	29285ce3345fbd09
g481	92	親	75f6031678235194
g482	92	鉄	9078ebdde1577bb0
g483	92	慌	d8650eb4a3806230
g484	92	策	5e525dabc8f58e74
g485	92	純	6dadb82f355afeb6
g486	92	航	973a86cbfa169fc2
g487	92	巡	5ba1f5e88784181c
g488	90	米	3d5ee29b84623d86
g489	90	毎	5abd86fb04a0623b
g490	88	非	5c561ee8634e2f2b
g491	88	展	5db22b55a2c9fe28
g492	88	改	8cbd53d9beae6007
g493	88	索	cf95d1117913bf33
g494	88	覗	62e6f313d08faad8
g495	86	紙	23cd2cf2c33060a3
g496	86	塗	b4fc1cc047b41bc1
g497	86	滝	1f5166fa6b9e7540
g498	86	閉	38f716683e59ba76
g499	86	喜	e0d73df918f3352e
g500	86	秘	f5e26fe627d55900
g501	84	曳	9d3b072d5510870a
g502	84	争	368e9fd4f179bdbc
g503	84	焼	4f3f353783161913
g504	84	月	e987efc6c7b608f8
g505	84	逡	e16d7b04f3a1c6ea
g506	84	璧	502f9608d8307603
g507	84	更	0179ba2d87f3afa5
g508	84	窮	98ca10e28a0a327c
g509	82	希	50ade663905c6b26
g510	82	載	8017cdbc01349165
g511	82	境	27b5ecab82b5f87c
g512	82	印	f55462d2758f07b3
g513	82	顧	ef12224351a7816f
g514	80	吉	3b3a60ac608c9a3f
g515	80	求	14658d2475bda75f
g516	80	邦	18de104705752b56
g517	80	錯	3e063472a9a79c77
g518	80	涼	a724a410482ff087
g519	80	育	a3521d3757c034fc
g520	80	請	4cfc76b887c56562
g521	78	若	48af54fdf53aed8b
g522	78	墜	56786fe520df54c8
g523	76	東	2900996c49bc2323
g524	76	突	577e4337fd3ce619
g525	76	象	99ff812e1210de06
g526	76	係	302d557ea7da7a34
g527	76	超	e8209264e61e393c
g528	76	肺	e03b64bf2750b477
g529	74	救	73259b55e8f901e3
g530	74	補	de82e76ce7d95313
g531	74	霊	2608c1805fcb4b13
g532	74	費	311a11b6145c6a80
g533	72	虫	b4edb34f87c0b333
g534	72	台	f3253ba90a4dda47
g535	72	枚	28e47cdd3abd28ac
g536	72	候	9fe1219bcd06b968
g537	72	迫	1326149ce14fde0c
g538	72	溶	5f82b6f6777c388d
g539	72	深	9492ae59944c3543
g540	72	班	6b8851719afdd052
g541	70	似	702b8978715f3bdd
g542	70	捉	0ce985790e83ad8d
g543	70	駆	32b8ffe421e0cb3d
g544	68	越	ff30d8df74d4c5d9
g545	68	峰	a3a8a34430374409
g546	68	魔	fb793d0409a4b41a
g547	68	尻	51b4b299f910c925
g548	68	固	9a156345e377c41e
g549	68	藤	c6c78bacd0dc4f9c
g550	66	叩	22035a5778d0aae0
g551	66	曝	f4d08943f702eb25
g552	66	侵	90559ff8ce8a53eb
g553	66	母	ed0b5db46cdb7372
g554	66	狼	0efb37590bb6cea2
g555	66	盤	e8c2e13f4caf3124
g556	64	干	a3e2334f899a9ce4
g557	64	痛	f619b91c2ad49bc7
g558	64	烏	2537e5c473c5a295
g559	64	施	17bf44c5402596d0
g560	64	揺	d70567ca9cd38a50
g561	64	溺	c146c8613ec8888c
g562	64	歴	f1b6838eeebe319a
g563	64	寒	2fdb01a127473e3d
g564	62	売	de0600bcec7b1b27
g565	62	条	67d3e535738b1477
g566	62	歳	5a8cd6827b6fd6a4
g567	62	刻	55dfe73a95487b16
g568	62	慣	cb5fa2492f6cbdba
g569	62	油	a26a2acbdc3d8eb3
g570	62	跡	1f1799b346f7850b
g571	60	臭	bd7fdac26fbb1511
g572	60	欠	7a6f0719ea709b7c
g573	60	兄	64f51ef0bbcfcb6a
g574	60	幾	0c8c7d3b73cd8288
g575	60	黒	cffc802f88fe7b8f
g576	60	居	ed6c934885bced92
g577	60	訳	4f9ba197ceacd398
g578	60	巨	2df61bfb66fd8110
g579	60	困	e03efaad1938706f
g580	58	惑	7c52cbffba4b8b35
g581	58	塩	da3de18c06633fd1
g582	58	工	5c8e13194cd1d40c
g583	58	撹	d71aec270953be07
g584	58	染	d5cce24082c54cab
g585	58	尾	9c952f4858ac16b9
g586	58	融	d78da097543a6ddc
g587	56	唯	e822682b480f9100
g588	56	嗚	c55bb3c207b3613a
g589	56	丸	74785c12f82f6055
g590	56	魅	5dfcba76ee76ebae
g591	56	拡	f98da5efd8225a1d
g592	56	汗	1c9dd2e463f37df4
g593	56	逢	edd3be49ea1a1f59
g594	56	雑	312b0e77653810dc
g595	56	昇	2c03ca1210211b33
g596	56	脚	45e9ae7bcf0ba869
g597	56	建	1f996b3dee31ae40
g598	56	四	9c90b5a225fdc91f
g599	56	隙	00d67afcd0b79eca
g600	54	含	61951e7b67e81d1e
g601	54	微	637006110fcd9048
g602	54	健	e7a938a9b27a53cc
g603	54	登	4643879493ae76a0
g604	54	骨	b6e7e43535f9c408
g605	54	誤	045db6846365d7ec
g606	54	論	7adfe29be9e1192e
g607	52	並	85954f8babda33ff
g608	52	縁	62fbd01bbe0afcb2
g609	52	裸	d8ab74deee791168
g610	52	慢	4780cd0cbb7363d1
g611	52	号	d65879915491bb76
g612	52	溢	f4d853c5b2ef5716
g613	52	因	ec36d73778b21aea
g614	52	球	2f4d02113f2843ea
g615	52	塞	94766d16d60fb64f
g616	50	八	290b1aa990d40239
g617	50	症	8ab4c30e33bb674e
g618	50	模	4bc3da6244f5a296
g619	50	溜	ed8cbeb64921eca6
g620	50	派	d82e712d5073913f
g621	50	埋	7bb7dc444951b7c8
g622	50	盗	6be122d538603dc1
g623	48	斜	3df535d544c1264b
g624	48	快	34d82b4b470c9c43
g625	48	怪	adf99e34f47771d6
g626	48	籍	c2a183aec7730df3
g627	48	輝	15d2c0c9fe9bb1d1
g628	48	香	801a1fc704a1e456
g629	48	炭	70d9805fc3e40e9b
g630	48	激	2d0be1852d82d420
g631	48	渇	0b568817097c8f2d
g632	48	搭	7b5d69c0a763f03c
g633	48	髪	cd732032f28e0e70
g634	48	議	d76046b8050866ea
g635	48	殴	0c0c4f0ab46db470
g636	46	奥	3e50e074bec0cf99
g637	46	析	6c7298555f240916
g638	46	崩	905032f4c7accb59
g639	46	洗	6e92d52d2b1e2d9b
g640	46	康	29ef377c20fc8b24
g641	46	辞	3b6b41f246c310ef
g642	46	暴	6690713638524484
g643	46	脳	7297c075c5fa07ba
g644	46	寄	10c353fd1ca787fe
g645	46	阻	02e3ee692ad28acb
g646	44	功	c33532d627df4696
g647	44	倉	a437d46f248f3cd3
g648	44	父	f434c2835483d1d4
g649	44	複	70e15293a9e1cbcd
g650	44	告	1d7067336847f447
g651	44	福	d586672c7d4f660b
g652	44	鉱	85cf4a22b32f4782
g653	44	鋼	598f1ea3e799fc9e
g654	44	逆	ae677ad8df1fbd51
g655	44	泳	3f710eed2ac51b21
g656	44	勢	b47700254615cc15
g657	44	智	37a329ad0e02fee5
g658	44	”	96e79f5bff1d0c9e
g659	42	未	46c88ec142005efe
g660	42	老	fe524d4fe08bb4d4
g661	42	拷	84a0dcb3a06ea332
g662	42	汚	1f9c9a602f480943
g663	42	滅	3a136269217acd4c
g664	42	星	a36d79e501fb6b3a
g665	42	腰	c4e52cd00176d8ba
g666	40	申	c3404362fee0b0ea
g667	40	斉	997e55d05796c6e5
g668	40	衆	488a9345a564ea68
g669	40	律	b9b0f718ca7bc8bc
g670	40	伏	ac41550c5881165d
g671	40	劇	fec18755d27d0905
g672	40	頻	91983981d6e1f571
g673	40	紛	8200b3522b0589d6
g674	40	鼻	30aab3381b4c1abd
g675	40	緑	4add2eb609fb169a
g676	40	異	68f2ed3431786041
g677	40	黄	8295f8c11981ed32
g678	40	掃	0141d02ddf2ff990
g679	40	鍛	cec33d3afdcb7392
g680	40	尿	4f9cfded68490aaf
g681	40	詞	1c5c2fb9b1b7e413
g682	40	頑	acab2ef7cda6ae35
g683	40	覧	4fb727ecb9607b0e
g684	40	暮	c0396d66036f7e1b
g685	40	覆	a4484c0dd66ec704
g686	38	炎	c9ce046017a7e2dd
g687	38	偵	21dc6f52edd04471
g688	38	禁	867b83e1c8309f5c
g689	38	械	11757bf81928358d
g690	38	横	f3d01773a4d658bc
g691	38	粘	0643e1991be81ed6
g692	38	疎	3ec426017ac073bd
g693	38	夜	27ea5a01e536df69
g694	38	踏	bf6ab7c68871c36c
g695	38	訴	2196210c7b75a924
g696	38	脂	1f00a1a995806f86
g697	36	皮	34dc83c828c204f7
g698	36	企	ab679f27c38d47a1
g699	36	太	cc1d028696cd8ebb
g700	36	件	6a74d7d86088909c
g701	36	永	a2b30e2f2f5c7ff8
g702	36	養	da43b17cfcd9d9ca
g703	36	徴	5ca5524bc74dc714
g704	36	賞	a831a8ce00476e7f
g705	36	絵	3fd239c7f439fb42
g706	36	旋	20b64b3512dd38a4
g707	36	栄	ebecb6082bb6c659
g708	36	紫	ce979f7e605adc5f
g709	36	辺	9d6982643c07f3c4
g710	36	没	5650177e2c82185f
g711	36	塑	9e6d938ebff1de6b
g712	36	雰	03d252bb7b98e06b
g713	36	昆	04fd0958003dacc6
g714	36	貼	4b673000e7b28083
g715	36	列	f7ae7a621b5e86ae
g716	36	睡	892ec22b8a562673
g717	36	談	e92e4e6f4bf1f74c
g718	34	友	f04aff6372a9dd91
g719	34	休	7075c11c697ded77
g720	34	鬼	cd8d298c7fe4301a
g721	34	割	3950ddb2dc5baef4
g722	34	衛	e1fb2e1d03833e83
g723	34	怒	0c41f712e1f016fd
g724	34	抱	f00585c7eb983782
g725	34	悟	1376afc1b530d021
g726	34	鮮	bc264cfba3f7766a
g727	34	緩	8a846f8feacee53c
g728	34	耳	0d53ee8cc15cbf73
g729	34	買	efdcca8ec5020eb2
g730	34	隔	90b9fe6ff9c77fff
g731	32	余	285f672574ce34c6
g732	32	虐	1abac5a640ce5e98
g733	32	呪	8e196b1ed4ad4b6f
g734	32	朝	61733a9541469368
g735	32	併	a249c0ef815f1b02
g736	32	儀	0e6025c729b68a85
g737	32	笑	daf2050231a2970f
g738	32	箇	13c0eb68c699b0d1
g739	32	午	5045a51225609006
g740	32	懐	1d132555f0bb9ddd
g741	32	癖	bd2102c9443b8226
g742	32	遇	e032bf28658e71da
g743	32	遭	5cd8825e966ba2f7
g744	32	測	983fd7f0474ad2e8
g745	32	妙	bff749715bbbfbf5
g746	32	帽	63cd02b587a941b6
g747	32	震	88da30f21626cab1
g748	32	履	b2228afa1a3b5433
g749	32	戸	939b9677db967bd3
g750	32	南	30273e6d134144be
g751	32	評	0bc0123f20122928
g752	30	穴	26a1ba2534c0e50a
g753	30	統	185061d654fbcdd4
g754	30	液	a94f8ca3e5031bcf
g755	30	肌	7e72959d5ee4595b
g756	30	荷	8cd69aa14d8f5b43
g757	28	六	75e198537384ca64
g758	28	去	f20bb696a05eac3e
g759	28	泉	07ebf23f7c65275a
g760	28	啄	08d69a0bcc05a687
g761	28	凸	042df39ee1da7171
g762	28	義	a5529c7f9ebb9665
g763	28	紀	44725112b53a8d60
g764	28	較	6101575a0047b38b
g765	28	幹	bcd5ed2ab7126fdf
g766	28	軟	5b506530faeac1ae
g767	28	帰	f5cfcf5e7a307447
g768	28	鎧	b5f632daa2d49524
g769	28	飢	eefc21cfb472280c
g770	28	輸	cdb9911782ee109d
g771	28	板	d800264c5c911155
g772	28	柔	735f44e10f5b935b
g773	28	潔	15a847823c33b908
g774	28	凹	3a1aad7931d08fd9
g775	28	腐	c22e1f6b4e959830
g776	28	鼠	710c1e600ddf50c2
g777	28	塀	8bc755404cc445b5
g778	28	延	bb1618c8e1d123b5
g779	28	既	f71fbd798945c92c
g780	28	殆	9d6a5222078a7a41
g781	28	至	6d12da727de52ee9
g782	28	商	4b72370635cdbbdd
g783	28	壺	b3ee0b6e2b338e97
g784	28	誌	3e81342a87b7716c
g785	26	威	4bdd4d88f7566213
g786	26	央	48602b8231ea0fa2
g787	26	芯	0d1affdb41f4f213
g788	26	値	4544aaf2bed41a33
g789	26	継	a358e6e90f051114
g790	26	権	9711102a3ebae727
g791	26	祖	5fd7b41c8c4ab334
g792	26	克	48640f74563184bf
g793	26	茶	30f8993cc2345d4c
g794	26	警	82dc872602861bb0
g795	24	＝	20647ac77941bdef
g796	24	嘘	54e8f305ce3f8a71
g797	24	虜	4d37732035cfa332
g798	24	膚	4922cd6d3c28c350
g799	24	昔	5a125aa4b47b2ed1
g800	24	勿	52e884ae251dd4b0
g801	24	厳	4d2e585228dd357f
g802	24	掌	8528638d8809745f
g803	24	網	284613509b04efe8
g804	24	包	094893edf353db91
g805	24	触	b45e9097998425f3
g806	24	梱	3fbe77ac9dd3301d
g807	24	病	58d1739b9a412242
g808	24	療	cb4294193e0a1bf8
g809	24	浸	9d6dd70eb4e4e8cd
g810	24	堪	49ca2bc75f84bf3e
g811	24	腕	b5e3029ea6c6dd50
g812	24	諸	f1af5c49daa047b9
g813	24	獄	126230c97369fe86
g814	24	獣	b884daa843ac1183
g815	24	眺	9e3c6ae07a77c47f
g816	24	耐	f89c844e72445b78
g817	24	荒	4122ea08ca5ec9e8
g818	24	称	3371c3aa67b3eb23
g819	24	職	2d0ec5bdb93b8c3a
g820	24	駅	1492d17c94147f08
g821	22	介	2b0bb0a2ca181394
g822	22	仲	f9931e740ba97743
g823	22	混	dd10a929b065a478
g824	22	填	69aadabdf89d2a93
g825	22	援	e50897cb76ccacb9
g826	22	舞	0b4af06ce5bc741f
g827	22	詩	eda031b2209b3b41
g828	22	嵐	8c0f357c3863df97
g829	22	蒸	c355a3dca1b24696
g830	22	積	fad6dfe9b6b44fe1
g831	22	驚	8eb73b81992da73d
g832	20	史	94d7f3f1a85d54b4
g833	20	徐	e664973bd452c6fa
g834	20	伯	eaa5b5e9d3acf723
g835	20	林	2b32d8a631f5c9da
g836	20	痕	0e6b70aeb0e9085a
g837	20	朗	9bd16cbecd46951b
g838	20	揚	e16efe6cf02f058e
g839	20	縦	a8ed36abd81feae1
g840	20	河	ba4e760aa7fa0664
g841	20	鎖	29d34658da6a373c
g842	20	臓	36026bb760cb4b2f
g843	20	医	57deaa1400a50eca
g844	20	弛	7456f8e421fec13a
g845	20	酔	d772deb76ab62c3a
g846	18	吐	368fc6bc24f21fe4
g847	18	尊	e4fcbc877d01bf15
g848	18	共	6410b5bcd4fdd540
g849	18	艦	cf9db662d259513e
g850	18	推	b5cce0a0aa5631dd
g851	18	愚	eb2a3025531670d9
g852	18	沈	bc108535900aeac0
g853	18	府	3bdbaa3748231df3
g854	18	裁	0de0bbed0c5ffb61
g855	18	静	7aa272a815321a99
g856	18	敬	9a3b91a21b8c380a
g857	18	零	ecd49cd74e8dd076
g858	18	罪	2ea83889055414c3
g859	16	魂	33363aa2e30e46cf
g860	16	幸	71729b0630e47c3e
g861	16	噴	218c766711f9bb5c
g862	16	幻	4ece11ea68540e38
g863	16	刺	0e773c634faea8ac
g864	16	氷	3c89eea3f1dd8fe2
g865	16	規	b1e1ebf019f619a8
g866	16	銀	49e457a32a0e4776
g867	16	憎	7445e8b8870bfc9c
g868	16	褐	2a59aa3ad864caa2
g869	16	柄	625fced4c38fd705
g870	16	貴	7da2bd41625eaeb3
g871	16	巣	d842daa083c2f2f8
g872	16	滑	a101dc6ad66e73c2
g873	16	渋	70c183926a46ed80
g874	16	王	beeeaf5c87422bb0
g875	16	挑	bec7bae082718ad9
g876	16	擬	db9b9e17714859c9
g877	16	露	63a5f9080885cab7
g878	16	尽	974c0b80942da6ce
g879	16	届	616ba3597fe13683
g880	16	順	53f2d421e7d436af
g881	16	脆	34d338b7e545af93
g882	16	廻	443da5d822fd2050
g883	16	貯	130bb1caab4d438b
g884	16	彫	2483d4798152c38b
g885	16	石	0f1ccad9555bfb2b
g886	16	窓	2335e42ef7569e9e
g887	16	盟	2bdd0f0b4a731d7c
g888	16	科	a4280d76af422e9d
g889	16	蔵	be19d5b078662ed5
g890	16	夢	d7cb882173367c07
g891	16	謎	11b18c175b60bc23
g892	16	騙	03d6b5389e92639c
g893	14	公	18d6d595564ce482
g894	14	鳥	818f67df06dae929
g895	14	句	dc9b3fb9d6b5a2f3
g896	14	把	dfd056c1fd868623
g897	14	脅	ba134fbb3428f683
g898	14	汝	85f50f666a8be3a9
g899	14	溝	6d62bd1fa9c1cd02
g900	14	歪	7208416e22a6716e
g901	14	洞	d993e975a8e72301
g902	14	嬉	75a3721c29bece6c
g903	14	証	ce1841eb733e6f35
g904	14	窟	0e3d2a56922f77ec
g905	14	釈	02115a1a7477f271
g906	14	戮	83bf93931093ee02
g907	12	喰	e93400cda86f4049
g908	12	戒	8eb8b3a93448bdac
g909	12	奇	9736edfe80884e7e
g910	12	弁	7d37bfa62c094a88
g911	12	餌	cff67f150f5b63b2
g912	12	軸	08fcbf270f93508c
g913	12	折	553c738b61b349d5
g914	12	批	85794a0d839e6f61
g915	12	織	6b06aa1256d8cae1
g916	12	汁	81635e372040c626
g917	12	還	f7e1591f48b7a9de
g918	12	泡	14fe85e8818e313d
g919	12	渾	566681c0d3ff0bdd
g920	12	濃	932b1ac92ebd3b4e
g921	12	逼	f0b5fdc0bb96621c
g922	12	湾	511e3743dca6d385
g923	12	鹿	af727060abdb6fcf
g924	12	坂	73b4442765c5349c
g925	12	墨	cbc87a4ebaf808fd
g926	12	尋	10c98c208f3f9542
g927	12	馬	b03ec0f0ec88b259
g928	12	尺	47d203152cdf2201
g929	12	骸	7e1f5f654d8a176c
g930	12	厄	2ad7a66400b57839
g931	12	薄	171c4d2f0380c7e7
g932	12	勘	08af8e1c5460e031
g933	12	謝	abc20fc70d7610e1
g934	10	哀	ff2e5cfcd14e2547
g935	10	束	9f9b2585119d97c0
g936	10	恋	93161e37d8dfb24b
g937	10	辛	781ce714b7d22d04
g938	10	支	029abc3e147c33c1
g939	10	項	8e6d277743808e19
g940	10	価	e6024917a27da877
g941	10	疲	86853bc866c1c027
g942	10	封	a8ab4c8366dfc4f3
g943	10	赦	e169ff155dd654bf
g944	10	朽	935d59111fe4bf75
g945	10	拍	4dc5ea5c937d1dfd
g946	10	輪	9c91b2a38cd12b1e
g947	10	皆	b64eb79dd4e39ad2
g948	10	及	369e399ca00bd661
g949	10	爪	c4cd10fc7462f5c3
g950	10	沿	1d6b2e696cbd1625
g951	10	責	0a848bd6127b3204
g952	10	揃	d4b0f0a8d8bf3b41
g953	10	嫌	fec0cd88ba767307
g954	10	姪	98b1a33ee8b57cb0
g955	10	膨	95390f42d0ab5931
g956	10	囮	29c186ba33a0aa7e
g957	10	獲	c05f1a1f9be927ae
g958	8	呑	f37235a57e8ded5f
g959	8	串	d1da6d8f4d5dba5f
g960	8	牢	f6f3bf93e2d14db9
g961	8	宗	9193d2e4c0b94598
g962	8	宣	8bc1313fc7863cdc
g963	8	煮	0de633cf49ad8ad7
g964	8	劣	ec624891385810d6
g965	8	伸	7e6c549a2c2a77b8
g966	8	但	46a56017cbef01dd
g967	8	九	30ebb880797115c7
g968	8	矢	706720f48e8ff61c
g969	8	井	bb098878bf0cc9c0
g970	8	郎	4e4d17caa2b01649
g971	8	承	3e01c17f3250f629
g972	8	弟	c721b3bcfb50c16a
g973	8	益	16c156a57e870d8c
g974	8	償	f333bd1383dfc7c4
g975	8	疾	c009e8b02c6a06d5
g976	8	俄	97b62e2b014f6787
g977	8	儲	dbfc2d409dc717e2
g978	8	杖	b8c0bf81965c3d76
g979	8	払	4070fb8a1ce77e95
g980	8	柱	ec089e0821339a40
g981	8	軌	6947109aa4610bd1
g982	8	趣	0aa163e59eab29ee
g983	8	凡	266a71930a5fd392
g984	8	袖	6654839c25b67986
g985	8	拙	e65688eefb02be6a
g986	8	控	f8708f0957ffe337
g987	8	愉	6731acd66bdd9543
g988	8	悦	deb6ef3de5e2e1af
g989	8	損	5d8839ac43f6766c
g990	8	提	df9fa4b9c78a7c96
g991	8	概	44a8f7af5757d164
g992	8	貫	1a149ae4b6342146
g993	8	刀	f89daa30c6d94f02
g994	8	竜	ec2b3d4827c432f6
g995	8	浪	4f85d5a2132fd604
g996	8	鋭	8e4c1d6247e2aac0
g997	8	崖	a6f86076ac1c7cb5
g998	8	逸	0f6268d80aa75b11
g999	8	誉	51b095576ad191d3
g1000	8	逮	e0596dbaf6f28933
g1001	8	沫	ffa12f4fd5059f9c
g1002	8	沌	08dc816a0123e5bc
g1003	8	浴	2cf4b8cb120d6f39
g1004	8	潮	a89ca72170706ee4
g1005	8	渉	b60e733979dc9303
g1006	8	泄	b419c8593ecca2b3
g1007	8	漢	03fa54bd7211a534
g1008	8	潰	dc95bc205650a6b6
g1009	8	漫	3773f23d448fcb47
g1010	8	浮	cf88cd68e8e3e98e
g1011	8	硝	8ee3cbede174c062
g1012	8	群	e0a029df7e44cf7c
g1013	8	弊	d32ebfa4140ae48b
g1014	8	城	0393c1d542d067dd
g1015	8	揮	a78abe673e9b5682
g1016	8	掲	329ce52e2649e8e6
g1017	8	勧	34bf9664a70ab897
g1018	8	霧	0fbcd36d79dc5900
g1019	8	誇	ee5d3a545b5b7f2c
g1020	8	胸	890982211baaddfa
g1021	8	胞	28fcdebf31c67f17
g1022	8	麗	4f280e86cec5f139
g1023	8	賜	9014e59ab9271319
g1024	8	謂	1c4c657dfa3efe37
g1025	8	預	99cc66bb20cede34
g1026	8	則	9f5b5c60cfec06c9
g1027	8	烈	0056c0abf76ce075
g1028	8	胃	7c63743463449a5a
g1029	8	輩	86eafa9ae197494b
g1030	8	華	135243cf57008926
g1031	8	薦	af2f99695b3fce48
g1032	8	郭	407476224f3f49f6
g1033	8	頃	a45000ba80b6ba0d
g1034	8	酵	cdbb33e79bf784b6
g1035	6	志	f989400b2e8ddf02
g1036	6	喋	274ff5fed86ca539
g1037	6	往	c2d7b054ef556187
g1038	6	創	895547a657ee49ce
g1039	6	慈	a54a52cc3d221ad4
g1040	6	僻	3702f9a747fd9bc4
g1041	6	停	d15ca3ef1c42ab95
g1042	6	偶	154cfc433a7a6c57
g1043	6	礼	b05e623e5d226532
g1044	6	拘	51cd06a5ae027953
g1045	6	輛	9b2268e01895e7df
g1046	6	狂	16baafb12f4fc40f
g1047	6	席	a73dfa9b8afdb526
g1048	6	癒	db34c3aec1301a91
g1049	6	糖	a9781e0bc1675803
g1050	6	迂	32125811c8cf3f71
g1051	6	泌	e0ab6426b4c6792d
g1052	6	召	a143f438b0b11f81
g1053	6	罠	2fe55976b5d3cbae
g1054	6	耗	511dd4842df28593
g1055	6	襲	13bb8d3832630599
g1056	6	跳	f213541fa6efd6de
g1057	6	蔽	437e42ef1eec6526
g1058	6	講	1bc7b5951293e458
g1059	4	ε	4aea7e2c32bb9a94
g1060	4	昨	b688820bc16242b6
g1061	4	噂	2eccb9c21f0ede60
g1062	4	寂	84fe69776bb89d17
g1063	4	卑	218eeffeb3157361
g1064	4	暇	648d0d9f0003e0d9
g1065	4	俊	9a8b43b2d5d0839a
g1066	4	其	5078966d4d7bbac2
g1067	4	級	d5631f11f3dfd5f2
g1068	4	袋	ce31e4bbd81ebf04
g1069	4	倫	51c24a37e1876081
g1070	4	偽	1db6645d8b2274f5
g1071	4	巻	bf1a5fdb67de5531
g1072	4	偏	18ab00bddf5d1feb
g1073	4	甘	c2d0b7e5b03dce5f
g1074	4	校	d3c3bee120f4544c
g1075	4	怯	dd04c8af002f0b66
g1076	4	執	eadd57fdb4427009
g1077	4	州	ae0c6282ccc81063
g1078	4	飼	60a6c9d326a50c8c
g1079	4	将	7170012434662608
g1080	4	緯	1a574c116a275370
g1081	4	紹	e3a54bf46a28678a
g1082	4	掟	98101463c86b068a
g1083	4	悼	5ce8dba31b316b4a
g1084	4	拾	c9600ed9ab1aad7c
g1085	4	蜂	0fcf10aa6302cbd0
g1086	4	抵	19562f5913ceb0d8
g1087	4	准	43668bd04e10084b
g1088	4	縛	5c319ae83e236fe3
g1089	4	営	fe380e05a42b5004
g1090	4	犯	a20c6ca886395794
g1091	4	農	074a45fb871d91cb
g1092	4	懇	2e1e78053494a4f8
g1093	4	挙	3e258ecfee9069ba
g1094	4	釣	9cc7243decbb1dbf
g1095	4	鎮	b025392b149d072e
g1096	4	述	dcf197c4dd12c3d7
g1097	4	週	770a8bc8eadaaeea
g1098	4	辿	5a1185fa5ce45c60
g1099	4	淀	3f29b307eb28c03f
g1100	4	湯	7d4129e1a649d914
g1101	4	競	d1f8dd3f0337e24f
g1102	4	革	d521425eb23c3e7d
g1103	4	拠	076a073e4bbe768a
g1104	4	摂	7a252d972ffa48d1
g1105	4	曇	e73763ea624b843e
g1106	4	腺	d5019aa506fbc335
g1107	4	脇	45de7a0a8220d4cb
g1108	4	孤	cc518d7489b816a5
g1109	4	腑	6202c63b36c7ef1b
g1110	4	腫	a026e41f17415089
g1111	4	膜	591d86ef13c6de51
g1112	4	賭	cb6640c318f4e81e
g1113	4	託	17002dfb021d7745
g1114	4	裂	c2c99909dcf8ab46
g1115	4	猟	868dfa8e6af2b630
g1116	4	百	c1a2c892c9b16173
g1117	4	案	af2aa879dd36afd7
g1118	4	繋	4ba91af4c29b0c03
g1119	4	貰	66aaaa085bfac217
g1120	4	靭	ab319492536b0443
g1121	4	顎	a096be083118e060
g1122	4	陽	bfc28e353195e959
g1123	4	騒	df8ca6fa86e3b738
g1124	4	歌	8c26ed1b810bf8d9
g1125	2	叶	79811292708ca76d
g1126	2	寸	dc4d6c13e61e931c
g1127	2	盛	fec56351c3a25072
g1128	2	晴	c115c300841fc77d
g1129	2	嚇	461d09267b09c28b
g1130	2	冬	129ee69334a7ccae
g1131	2	怠	c476d0ab90a36b3c
g1132	2	幼	e9339dbf8392e0ed
g1133	2	免	a4cf5bdd47dae5a0
g1134	2	札	584498b7a7f6e3f2
g1135	2	災	3fb7cda839a1c39c
g1136	2	仇	57f692a0bf9c9acc
g1137	2	借	4b573a423ff27ba9
g1138	2	仰	509cb2e2e2057ec2
g1139	2	傾	62019ca7c85669b0
g1140	2	働	ef6a6476965bc653
g1141	2	衝	7d800bcb5744cdb4
g1142	2	忙	e8b237a320640eb8
g1143	2	牲	691c69a9c5f9a7c7
g1144	2	斬	ea7c71ccbb0ba9ce
g1145	2	繕	79f8cfde8fb747f5
g1146	2	捻	786cc4f6b2f84d01
g1147	2	犠	a75bc0a62c67b000
g1148	2	輳	ec97f9c0ca2cd499
g1149	2	輻	d357d504345eaf80
g1150	2	吊	cb043e32d19726f0
g1151	2	齢	3d4d7f34fadc22e6
g1152	2	刃	0bfd52857d530468
g1153	2	寿	3fd7c3b48d349782
g1154	2	痺	f8c1166bc4100f05
g1155	2	痴	552331d0e831e678
g1156	2	餓	6af5c32dc3f9355e
g1157	2	岩	6d2499d3b2503c8a
g1158	2	遮	49a23ebf9e0f6745
g1159	2	遥	a73912596b20f438
g1160	2	狩	c7188b8b21ad5427
g1161	2	洩	df730b20a18c5909
g1162	2	讐	e39f2804f4f8313a
g1163	2	否	e6a23c8f746f4925
g1164	2	妻	f6b723937080a07f
g1165	2	看	72d8c5106d6b7994
g1166	2	憩	dd4a847323d02fdf
g1167	2	旧	edf5c480db8bd4a7
g1168	2	掘	2b950009170f3350
g1169	2	恩	433744d20bc65c69
g1170	2	肪	f8cbc5cbb33894c8
g1171	2	践	86b2665468396b04
g1172	2	謀	fac3e399dde6899c
g1173	2	励	edd90533fb6284db
g1174	2	黙	07602f2fce6217f1
g1175	2	弄	71d92aeb79dd4a84
g1176	2	厚	2c48d337f731b1ba
g1177	2	玩	11beea4b9e512f62
g1178	2	到	91aaae0afcc6c6a1
g1179	2	致	845bc832eae0a476
g1180	2	刑	32f8e1d60007cedd
g1181	2	亜	828c770d21288534
g1182	2	妄	8821bc93025f8d18
g1183	2	審	93455ecf49dd5939
g1184	2	莫	c84bcc52d41c68e3
g1185	2	蘇	5e59d13907df31bd
g1186	2	蔑	049011747c5c444e
g1187	2	熟	1b26b05fa07cc442
g1188	2	税	075996d86cce0a10
g1189	2	誓	7f4356887fa9ebf6
g1190	2	額	1f6bd83d60ab84ba
g1191	2	勤	6015423093c67cca
g1192	2	靱	8e6d6ca28f4b1474
g1193	2	靴	027583bdb468eae8
g1194	2	隣	c5f33d524048dd26
g1195	2	陥	5a504c728066e26c
g1196	2	陸	838a505c10ede3ae
g1197	2	恥	7ab25546d960472e
g1198	2	駐	2bc63ac131e0ca36
g1199	2	副	020e2d7b4694338e
g1200	0	貢	2fa2edee0babe355
g1201	0	献	a72329ebf2dbf55c
g1202	0	師	ccbecec362ccf76e
g1203	0	泣	e3f1f1e41426c011
g1204	0	委	8b7b72d99dd296e0
g1205	0	梯	0158529d24125634
g1206	0	即	fd2a8dc62b3db0be
g1207	0	伴	0b4f254187529f39
g1208	0	＊	13d6cae4ad75c7bb
g1209	0	＄	7a97a29a613b0186
g1210	0	痢	ba5e0bfb4833be8d
g1211	0	又	4cc70c8c8cabfb0b
g1212	0	涙	cdf1dd7e1a9c9bc1
g1213	2	蒼	3d5179191886f397
